-- phpMyAdmin SQL Dump
-- version 5.0.2
-- https://www.phpmyadmin.net/
--
-- Host: 127.0.0.1
-- Generation Time: Jun 30, 2020 at 03:51 PM
-- Server version: 10.4.11-MariaDB
-- PHP Version: 7.4.5

SET SQL_MODE = "NO_AUTO_VALUE_ON_ZERO";
START TRANSACTION;
SET time_zone = "+00:00";


/*!40101 SET @OLD_CHARACTER_SET_CLIENT=@@CHARACTER_SET_CLIENT */;
/*!40101 SET @OLD_CHARACTER_SET_RESULTS=@@CHARACTER_SET_RESULTS */;
/*!40101 SET @OLD_COLLATION_CONNECTION=@@COLLATION_CONNECTION */;
/*!40101 SET NAMES utf8mb4 */;

--
-- Database: `invoicesdb`
--

-- --------------------------------------------------------

--
-- Table structure for table `failed_jobs`
--

CREATE TABLE `failed_jobs` (
  `id` bigint(20) UNSIGNED NOT NULL,
  `connection` text COLLATE utf8mb4_unicode_ci NOT NULL,
  `queue` text COLLATE utf8mb4_unicode_ci NOT NULL,
  `payload` longtext COLLATE utf8mb4_unicode_ci NOT NULL,
  `exception` longtext COLLATE utf8mb4_unicode_ci NOT NULL,
  `failed_at` timestamp NOT NULL DEFAULT current_timestamp()
) ENGINE=InnoDB DEFAULT CHARSET=utf8mb4 COLLATE=utf8mb4_unicode_ci;

-- --------------------------------------------------------

--
-- Table structure for table `invoices`
--

CREATE TABLE `invoices` (
  `id` bigint(20) UNSIGNED NOT NULL,
  `customer_name` varchar(255) COLLATE utf8mb4_unicode_ci NOT NULL,
  `customer_email` varchar(255) COLLATE utf8mb4_unicode_ci NOT NULL,
  `customer_mobile` varchar(255) COLLATE utf8mb4_unicode_ci NOT NULL,
  `company_name` varchar(255) COLLATE utf8mb4_unicode_ci NOT NULL,
  `invoice_number` varchar(255) COLLATE utf8mb4_unicode_ci NOT NULL,
  `invoice_date` date NOT NULL,
  `sub_total` decimal(8,2) NOT NULL DEFAULT 0.00,
  `discount_type` varchar(255) COLLATE utf8mb4_unicode_ci DEFAULT NULL,
  `discount_value` decimal(8,2) NOT NULL DEFAULT 0.00,
  `vat_value` decimal(8,2) NOT NULL DEFAULT 0.00,
  `shipping` decimal(8,2) NOT NULL DEFAULT 0.00,
  `total_due` decimal(8,2) NOT NULL DEFAULT 0.00,
  `created_at` timestamp NULL DEFAULT NULL,
  `updated_at` timestamp NULL DEFAULT NULL
) ENGINE=InnoDB DEFAULT CHARSET=utf8mb4 COLLATE=utf8mb4_unicode_ci;

--
-- Dumping data for table `invoices`
--

INSERT INTO `invoices` (`id`, `customer_name`, `customer_email`, `customer_mobile`, `company_name`, `invoice_number`, `invoice_date`, `sub_total`, `discount_type`, `discount_value`, `vat_value`, `shipping`, `total_due`, `created_at`, `updated_at`) VALUES
(1, 'قتاده البراء الحسين', 'oqawasmee@hotmail.com', '2907964245', 'امير خليل نهار العقل', '8191007', '2020-06-28', '5840.00', 'fixed', '0.00', '292.00', '100.00', '6232.00', '2020-06-29 07:56:46', '2020-06-29 07:56:46'),
(2, 'عوني سليمان جواهرجي', 'saleem.qasem@hotmail.com', '757214831559', 'محي معين الزامل', '7627092', '2020-06-26', '5840.00', 'fixed', '0.00', '292.00', '100.00', '6232.00', '2020-06-29 07:56:46', '2020-06-29 07:56:46'),
(3, 'الدكتورة حلا الخالدي', 'osama34@hasan.com', '291937592', 'داليا نصار السالم', '3508713', '2020-06-24', '5840.00', 'fixed', '0.00', '292.00', '100.00', '6232.00', '2020-06-29 07:56:46', '2020-06-29 07:56:46'),
(4, 'الدكتورة نسرين الخضيري', 'abulebbeh.rami@qasem.com', '82230794689', 'مامون الشهيل', '0940591', '2020-06-13', '5840.00', 'fixed', '0.00', '292.00', '100.00', '6232.00', '2020-06-29 07:56:46', '2020-06-29 07:56:46'),
(5, 'اسعد السالم', 'fadi27@yahoo.com', '5112485850', 'الدكتورة علا الشهيل', '7091765', '2020-06-24', '5840.00', 'fixed', '0.00', '292.00', '100.00', '6232.00', '2020-06-29 07:56:46', '2020-06-29 07:56:46'),
(6, 'حاتم السويلم', 'kabulebbeh@hamad.info', '342685176518', 'جمانة المنيف', '4749517', '2020-06-25', '5840.00', 'fixed', '0.00', '292.00', '100.00', '6232.00', '2020-06-29 07:56:46', '2020-06-29 07:56:46'),
(7, 'مطيع اويس عبدالله الشهري', 'bilal.shami@gmail.com', '16194102403', 'الدكتورة زينب الفدا', '1337021', '2020-06-15', '5840.00', 'fixed', '0.00', '292.00', '100.00', '6232.00', '2020-06-29 07:56:46', '2020-06-29 07:56:46'),
(8, 'قتيبة مكي', 'irashwani@shami.info', '44130756156', 'الدكتورة ناديه الجهني', '7209055', '2020-06-28', '5840.00', 'fixed', '0.00', '292.00', '100.00', '6232.00', '2020-06-29 07:56:46', '2020-06-29 07:56:46'),
(9, 'حذيفة طالب راغب العسكر', 'abbadi.sami@yahoo.com', '8733810953', 'عباس حاتم صفاء جواهرجي', '8837016', '2020-06-25', '5840.00', 'fixed', '0.00', '292.00', '100.00', '6232.00', '2020-06-29 07:56:46', '2020-06-29 07:56:46'),
(10, 'الآنسة ميان برماوي', 'kanaan.yazan@yahoo.com', '813742282453', 'خضر القحطاني', '2172324', '2020-06-13', '5840.00', 'fixed', '0.00', '292.00', '100.00', '6232.00', '2020-06-29 07:56:46', '2020-06-29 07:56:46'),
(11, 'بهاء مضر السهلي', 'khaled.jabri@flefel.biz', '79602898965', 'شاهر يونس الصقيه', '9763025', '2020-06-11', '5840.00', 'fixed', '0.00', '292.00', '100.00', '6232.00', '2020-06-29 07:56:46', '2020-06-29 07:56:46'),
(12, 'همام الصامل', 'ishami@yahoo.com', '1955832209', 'نورس عدوان زمام العقل', '7831706', '2020-06-28', '5840.00', 'fixed', '0.00', '292.00', '100.00', '6232.00', '2020-06-29 07:56:46', '2020-06-29 07:56:46'),
(13, 'رماح الفدا', 'cobaisi@gmail.com', '83286985948', 'سارة ايمن شافع العسكر', '4410318', '2020-06-10', '5840.00', 'fixed', '0.00', '292.00', '100.00', '6232.00', '2020-06-29 07:56:46', '2020-06-29 07:56:46'),
(14, 'بكر الفيفي', 'mohammad95@abbadi.net', '368833034', 'ينال مدني', '8151116', '2020-06-15', '5840.00', 'fixed', '0.00', '292.00', '100.00', '6232.00', '2020-06-29 07:56:46', '2020-06-29 07:56:46'),
(15, 'داوود بشير سلطان العتيبي', 'ahadi@hotmail.com', '976199676', 'ديانا السيف', '3871916', '2020-06-16', '5840.00', 'fixed', '0.00', '292.00', '100.00', '6232.00', '2020-06-29 07:56:46', '2020-06-29 07:56:46'),
(16, 'عز الدين غسان نصوح السهلي', 'nimry.osama@gmail.com', '790879242', 'رغدة العتيبي', '4616335', '2020-06-24', '5840.00', 'fixed', '0.00', '292.00', '100.00', '6232.00', '2020-06-29 07:57:17', '2020-06-29 07:57:17'),
(17, 'المهندسة بشرى العرفج', 'samer01@gmail.com', '414245493', 'عيدالله مدني', '8624114', '2020-06-09', '5840.00', 'fixed', '0.00', '292.00', '100.00', '6232.00', '2020-06-29 07:57:17', '2020-06-29 07:57:17'),
(18, 'وديع السماعيل', 'abbad.abd@jabri.sa', '548121906955', 'مدين عبد الرحمن مدني', '2950730', '2020-06-26', '5840.00', 'fixed', '0.00', '292.00', '100.00', '6232.00', '2020-06-29 07:57:17', '2020-06-29 07:57:17'),
(19, 'عبدالمعطي المطرفي', 'samer34@gmail.com', '51846061640', 'شفاء الفريدي', '1081064', '2020-06-27', '5840.00', 'fixed', '0.00', '292.00', '100.00', '6232.00', '2020-06-29 07:57:17', '2020-06-29 07:57:17'),
(20, 'وليد العتيبي', 'pabbas@obaisi.biz', '62871529866', 'بثينة اياس السهلي', '0404488', '2020-06-28', '5840.00', 'fixed', '0.00', '292.00', '100.00', '6232.00', '2020-06-29 07:57:17', '2020-06-29 07:57:17'),
(21, 'سعود مكي', 'eabulebbeh@rabee.info', '72429795364', 'غادة الحصين', '2134084', '2020-06-09', '5840.00', 'fixed', '0.00', '292.00', '100.00', '6232.00', '2020-06-29 07:57:17', '2020-06-29 07:57:17'),
(22, 'براء الراجحي', 'ahmad.karam@gmail.com', '09900884886', 'السيدة غرام العرفج', '1905023', '2020-06-15', '5840.00', 'fixed', '0.00', '292.00', '100.00', '6232.00', '2020-06-29 07:57:17', '2020-06-29 07:57:17'),
(23, 'فايز برماوي', 'fadi.qawasmee@abbadi.com', '1608228867541', 'باسمة الشهيل', '5509814', '2020-06-19', '5840.00', 'fixed', '0.00', '292.00', '100.00', '6232.00', '2020-06-29 07:57:17', '2020-06-29 07:57:17'),
(24, 'المثنى السماري', 'omar.obaisi@kanaan.com', '1780056342', 'نهاد أنس زياد الحصين', '8702026', '2020-06-27', '5840.00', 'fixed', '0.00', '292.00', '100.00', '6232.00', '2020-06-29 07:57:17', '2020-06-29 07:57:17'),
(25, 'خضر رجا الحسين', 'yazan.jabri@maanee.biz', '4210418197', 'نجوى راجي الحنتوشي', '3521216', '2020-06-14', '5840.00', 'fixed', '0.00', '292.00', '100.00', '6232.00', '2020-06-29 07:57:17', '2020-06-29 07:57:17'),
(26, 'عصام الخضيري', 'akram84@gmail.com', '7637705438828', 'أميرة السمير', '9208045', '2020-06-15', '5840.00', 'fixed', '0.00', '292.00', '100.00', '6232.00', '2020-06-29 07:57:17', '2020-06-29 07:57:17'),
(27, 'عيسى راغب فوزي المشيقح', 'yazan.hasan@melhem.biz', '9230673239105', 'ميس السالم', '6288522', '2020-06-15', '5840.00', 'fixed', '0.00', '292.00', '100.00', '6232.00', '2020-06-29 07:57:17', '2020-06-29 07:57:17'),
(28, 'وسن الحسين', 'abulebbeh.abdullah@yahoo.com', '4653496281317', 'عبد ربه الداوود', '7429191', '2020-06-15', '5840.00', 'fixed', '0.00', '292.00', '100.00', '6232.00', '2020-06-29 07:57:17', '2020-06-29 07:57:17'),
(29, 'سالم العنزي', 'rashwani.layth@rashwani.sa', '459709835614', 'رقية العسكر', '5978022', '2020-06-27', '5840.00', 'fixed', '0.00', '292.00', '100.00', '6232.00', '2020-06-29 07:57:17', '2020-06-29 07:57:17'),
(30, 'نصر جلال هوساوي', 'xjabri@gmail.com', '093699688140', 'روان المقبل', '1029420', '2020-06-14', '5840.00', 'fixed', '0.00', '292.00', '100.00', '6232.00', '2020-06-29 07:57:17', '2020-06-29 07:57:17');

-- --------------------------------------------------------

--
-- Table structure for table `invoice_details`
--

CREATE TABLE `invoice_details` (
  `id` bigint(20) UNSIGNED NOT NULL,
  `invoice_id` bigint(20) UNSIGNED NOT NULL,
  `product_name` varchar(255) COLLATE utf8mb4_unicode_ci NOT NULL,
  `unit` varchar(255) COLLATE utf8mb4_unicode_ci NOT NULL,
  `quantity` decimal(8,2) NOT NULL DEFAULT 0.00,
  `unit_price` decimal(8,2) NOT NULL DEFAULT 0.00,
  `row_sub_total` decimal(8,2) NOT NULL DEFAULT 0.00,
  `created_at` timestamp NULL DEFAULT NULL,
  `updated_at` timestamp NULL DEFAULT NULL
) ENGINE=InnoDB DEFAULT CHARSET=utf8mb4 COLLATE=utf8mb4_unicode_ci;

--
-- Dumping data for table `invoice_details`
--

INSERT INTO `invoice_details` (`id`, `invoice_id`, `product_name`, `unit`, `quantity`, `unit_price`, `row_sub_total`, `created_at`, `updated_at`) VALUES
(1, 1, 'طاولة كمبيوتر كبيرة', 'piece', '2.00', '560.00', '1120.00', '2020-06-29 07:56:46', '2020-06-29 07:56:46'),
(2, 1, 'طاولة كمبيوتر صغيرة', 'piece', '1.00', '220.00', '220.00', '2020-06-29 07:56:46', '2020-06-29 07:56:46'),
(3, 1, 'كمبيوتر محمول', 'piece', '1.00', '4500.00', '4500.00', '2020-06-29 07:56:46', '2020-06-29 07:56:46'),
(4, 2, 'طاولة كمبيوتر كبيرة', 'piece', '2.00', '560.00', '1120.00', '2020-06-29 07:56:46', '2020-06-29 07:56:46'),
(5, 2, 'طاولة كمبيوتر صغيرة', 'piece', '1.00', '220.00', '220.00', '2020-06-29 07:56:46', '2020-06-29 07:56:46'),
(6, 2, 'كمبيوتر محمول', 'piece', '1.00', '4500.00', '4500.00', '2020-06-29 07:56:46', '2020-06-29 07:56:46'),
(7, 3, 'طاولة كمبيوتر كبيرة', 'piece', '2.00', '560.00', '1120.00', '2020-06-29 07:56:46', '2020-06-29 07:56:46'),
(8, 3, 'طاولة كمبيوتر صغيرة', 'piece', '1.00', '220.00', '220.00', '2020-06-29 07:56:46', '2020-06-29 07:56:46'),
(9, 3, 'كمبيوتر محمول', 'piece', '1.00', '4500.00', '4500.00', '2020-06-29 07:56:46', '2020-06-29 07:56:46'),
(10, 4, 'طاولة كمبيوتر كبيرة', 'piece', '2.00', '560.00', '1120.00', '2020-06-29 07:56:46', '2020-06-29 07:56:46'),
(11, 4, 'طاولة كمبيوتر صغيرة', 'piece', '1.00', '220.00', '220.00', '2020-06-29 07:56:46', '2020-06-29 07:56:46'),
(12, 4, 'كمبيوتر محمول', 'piece', '1.00', '4500.00', '4500.00', '2020-06-29 07:56:46', '2020-06-29 07:56:46'),
(13, 5, 'طاولة كمبيوتر كبيرة', 'piece', '2.00', '560.00', '1120.00', '2020-06-29 07:56:46', '2020-06-29 07:56:46'),
(14, 5, 'طاولة كمبيوتر صغيرة', 'piece', '1.00', '220.00', '220.00', '2020-06-29 07:56:46', '2020-06-29 07:56:46'),
(15, 5, 'كمبيوتر محمول', 'piece', '1.00', '4500.00', '4500.00', '2020-06-29 07:56:46', '2020-06-29 07:56:46'),
(16, 6, 'طاولة كمبيوتر كبيرة', 'piece', '2.00', '560.00', '1120.00', '2020-06-29 07:56:46', '2020-06-29 07:56:46'),
(17, 6, 'طاولة كمبيوتر صغيرة', 'piece', '1.00', '220.00', '220.00', '2020-06-29 07:56:46', '2020-06-29 07:56:46'),
(18, 6, 'كمبيوتر محمول', 'piece', '1.00', '4500.00', '4500.00', '2020-06-29 07:56:46', '2020-06-29 07:56:46'),
(19, 7, 'طاولة كمبيوتر كبيرة', 'piece', '2.00', '560.00', '1120.00', '2020-06-29 07:56:46', '2020-06-29 07:56:46'),
(20, 7, 'طاولة كمبيوتر صغيرة', 'piece', '1.00', '220.00', '220.00', '2020-06-29 07:56:46', '2020-06-29 07:56:46'),
(21, 7, 'كمبيوتر محمول', 'piece', '1.00', '4500.00', '4500.00', '2020-06-29 07:56:46', '2020-06-29 07:56:46'),
(22, 8, 'طاولة كمبيوتر كبيرة', 'piece', '2.00', '560.00', '1120.00', '2020-06-29 07:56:46', '2020-06-29 07:56:46'),
(23, 8, 'طاولة كمبيوتر صغيرة', 'piece', '1.00', '220.00', '220.00', '2020-06-29 07:56:46', '2020-06-29 07:56:46'),
(24, 8, 'كمبيوتر محمول', 'piece', '1.00', '4500.00', '4500.00', '2020-06-29 07:56:46', '2020-06-29 07:56:46'),
(25, 9, 'طاولة كمبيوتر كبيرة', 'piece', '2.00', '560.00', '1120.00', '2020-06-29 07:56:46', '2020-06-29 07:56:46'),
(26, 9, 'طاولة كمبيوتر صغيرة', 'piece', '1.00', '220.00', '220.00', '2020-06-29 07:56:46', '2020-06-29 07:56:46'),
(27, 9, 'كمبيوتر محمول', 'piece', '1.00', '4500.00', '4500.00', '2020-06-29 07:56:46', '2020-06-29 07:56:46'),
(28, 10, 'طاولة كمبيوتر كبيرة', 'piece', '2.00', '560.00', '1120.00', '2020-06-29 07:56:46', '2020-06-29 07:56:46'),
(29, 10, 'طاولة كمبيوتر صغيرة', 'piece', '1.00', '220.00', '220.00', '2020-06-29 07:56:46', '2020-06-29 07:56:46'),
(30, 10, 'كمبيوتر محمول', 'piece', '1.00', '4500.00', '4500.00', '2020-06-29 07:56:46', '2020-06-29 07:56:46'),
(31, 11, 'طاولة كمبيوتر كبيرة', 'piece', '2.00', '560.00', '1120.00', '2020-06-29 07:56:46', '2020-06-29 07:56:46'),
(32, 11, 'طاولة كمبيوتر صغيرة', 'piece', '1.00', '220.00', '220.00', '2020-06-29 07:56:46', '2020-06-29 07:56:46'),
(33, 11, 'كمبيوتر محمول', 'piece', '1.00', '4500.00', '4500.00', '2020-06-29 07:56:46', '2020-06-29 07:56:46'),
(34, 12, 'طاولة كمبيوتر كبيرة', 'piece', '2.00', '560.00', '1120.00', '2020-06-29 07:56:46', '2020-06-29 07:56:46'),
(35, 12, 'طاولة كمبيوتر صغيرة', 'piece', '1.00', '220.00', '220.00', '2020-06-29 07:56:46', '2020-06-29 07:56:46'),
(36, 12, 'كمبيوتر محمول', 'piece', '1.00', '4500.00', '4500.00', '2020-06-29 07:56:46', '2020-06-29 07:56:46'),
(37, 13, 'طاولة كمبيوتر كبيرة', 'piece', '2.00', '560.00', '1120.00', '2020-06-29 07:56:46', '2020-06-29 07:56:46'),
(38, 13, 'طاولة كمبيوتر صغيرة', 'piece', '1.00', '220.00', '220.00', '2020-06-29 07:56:46', '2020-06-29 07:56:46'),
(39, 13, 'كمبيوتر محمول', 'piece', '1.00', '4500.00', '4500.00', '2020-06-29 07:56:46', '2020-06-29 07:56:46'),
(40, 14, 'طاولة كمبيوتر كبيرة', 'piece', '2.00', '560.00', '1120.00', '2020-06-29 07:56:46', '2020-06-29 07:56:46'),
(41, 14, 'طاولة كمبيوتر صغيرة', 'piece', '1.00', '220.00', '220.00', '2020-06-29 07:56:46', '2020-06-29 07:56:46'),
(42, 14, 'كمبيوتر محمول', 'piece', '1.00', '4500.00', '4500.00', '2020-06-29 07:56:46', '2020-06-29 07:56:46'),
(43, 15, 'طاولة كمبيوتر كبيرة', 'piece', '2.00', '560.00', '1120.00', '2020-06-29 07:56:46', '2020-06-29 07:56:46'),
(44, 15, 'طاولة كمبيوتر صغيرة', 'piece', '1.00', '220.00', '220.00', '2020-06-29 07:56:46', '2020-06-29 07:56:46'),
(45, 15, 'كمبيوتر محمول', 'piece', '1.00', '4500.00', '4500.00', '2020-06-29 07:56:46', '2020-06-29 07:56:46'),
(46, 16, 'طاولة كمبيوتر كبيرة', 'piece', '2.00', '560.00', '1120.00', '2020-06-29 07:57:17', '2020-06-29 07:57:17'),
(47, 16, 'طاولة كمبيوتر صغيرة', 'piece', '1.00', '220.00', '220.00', '2020-06-29 07:57:17', '2020-06-29 07:57:17'),
(48, 16, 'كمبيوتر محمول', 'piece', '1.00', '4500.00', '4500.00', '2020-06-29 07:57:17', '2020-06-29 07:57:17'),
(49, 17, 'طاولة كمبيوتر كبيرة', 'piece', '2.00', '560.00', '1120.00', '2020-06-29 07:57:17', '2020-06-29 07:57:17'),
(50, 17, 'طاولة كمبيوتر صغيرة', 'piece', '1.00', '220.00', '220.00', '2020-06-29 07:57:17', '2020-06-29 07:57:17'),
(51, 17, 'كمبيوتر محمول', 'piece', '1.00', '4500.00', '4500.00', '2020-06-29 07:57:17', '2020-06-29 07:57:17'),
(52, 18, 'طاولة كمبيوتر كبيرة', 'piece', '2.00', '560.00', '1120.00', '2020-06-29 07:57:17', '2020-06-29 07:57:17'),
(53, 18, 'طاولة كمبيوتر صغيرة', 'piece', '1.00', '220.00', '220.00', '2020-06-29 07:57:17', '2020-06-29 07:57:17'),
(54, 18, 'كمبيوتر محمول', 'piece', '1.00', '4500.00', '4500.00', '2020-06-29 07:57:17', '2020-06-29 07:57:17'),
(55, 19, 'طاولة كمبيوتر كبيرة', 'piece', '2.00', '560.00', '1120.00', '2020-06-29 07:57:17', '2020-06-29 07:57:17'),
(56, 19, 'طاولة كمبيوتر صغيرة', 'piece', '1.00', '220.00', '220.00', '2020-06-29 07:57:17', '2020-06-29 07:57:17'),
(57, 19, 'كمبيوتر محمول', 'piece', '1.00', '4500.00', '4500.00', '2020-06-29 07:57:17', '2020-06-29 07:57:17'),
(58, 20, 'طاولة كمبيوتر كبيرة', 'piece', '2.00', '560.00', '1120.00', '2020-06-29 07:57:17', '2020-06-29 07:57:17'),
(59, 20, 'طاولة كمبيوتر صغيرة', 'piece', '1.00', '220.00', '220.00', '2020-06-29 07:57:17', '2020-06-29 07:57:17'),
(60, 20, 'كمبيوتر محمول', 'piece', '1.00', '4500.00', '4500.00', '2020-06-29 07:57:17', '2020-06-29 07:57:17'),
(61, 21, 'طاولة كمبيوتر كبيرة', 'piece', '2.00', '560.00', '1120.00', '2020-06-29 07:57:17', '2020-06-29 07:57:17'),
(62, 21, 'طاولة كمبيوتر صغيرة', 'piece', '1.00', '220.00', '220.00', '2020-06-29 07:57:17', '2020-06-29 07:57:17'),
(63, 21, 'كمبيوتر محمول', 'piece', '1.00', '4500.00', '4500.00', '2020-06-29 07:57:17', '2020-06-29 07:57:17'),
(64, 22, 'طاولة كمبيوتر كبيرة', 'piece', '2.00', '560.00', '1120.00', '2020-06-29 07:57:17', '2020-06-29 07:57:17'),
(65, 22, 'طاولة كمبيوتر صغيرة', 'piece', '1.00', '220.00', '220.00', '2020-06-29 07:57:17', '2020-06-29 07:57:17'),
(66, 22, 'كمبيوتر محمول', 'piece', '1.00', '4500.00', '4500.00', '2020-06-29 07:57:17', '2020-06-29 07:57:17'),
(67, 23, 'طاولة كمبيوتر كبيرة', 'piece', '2.00', '560.00', '1120.00', '2020-06-29 07:57:17', '2020-06-29 07:57:17'),
(68, 23, 'طاولة كمبيوتر صغيرة', 'piece', '1.00', '220.00', '220.00', '2020-06-29 07:57:17', '2020-06-29 07:57:17'),
(69, 23, 'كمبيوتر محمول', 'piece', '1.00', '4500.00', '4500.00', '2020-06-29 07:57:17', '2020-06-29 07:57:17'),
(70, 24, 'طاولة كمبيوتر كبيرة', 'piece', '2.00', '560.00', '1120.00', '2020-06-29 07:57:17', '2020-06-29 07:57:17'),
(71, 24, 'طاولة كمبيوتر صغيرة', 'piece', '1.00', '220.00', '220.00', '2020-06-29 07:57:17', '2020-06-29 07:57:17'),
(72, 24, 'كمبيوتر محمول', 'piece', '1.00', '4500.00', '4500.00', '2020-06-29 07:57:17', '2020-06-29 07:57:17'),
(73, 25, 'طاولة كمبيوتر كبيرة', 'piece', '2.00', '560.00', '1120.00', '2020-06-29 07:57:17', '2020-06-29 07:57:17'),
(74, 25, 'طاولة كمبيوتر صغيرة', 'piece', '1.00', '220.00', '220.00', '2020-06-29 07:57:17', '2020-06-29 07:57:17'),
(75, 25, 'كمبيوتر محمول', 'piece', '1.00', '4500.00', '4500.00', '2020-06-29 07:57:17', '2020-06-29 07:57:17'),
(76, 26, 'طاولة كمبيوتر كبيرة', 'piece', '2.00', '560.00', '1120.00', '2020-06-29 07:57:17', '2020-06-29 07:57:17'),
(77, 26, 'طاولة كمبيوتر صغيرة', 'piece', '1.00', '220.00', '220.00', '2020-06-29 07:57:17', '2020-06-29 07:57:17'),
(78, 26, 'كمبيوتر محمول', 'piece', '1.00', '4500.00', '4500.00', '2020-06-29 07:57:17', '2020-06-29 07:57:17'),
(79, 27, 'طاولة كمبيوتر كبيرة', 'piece', '2.00', '560.00', '1120.00', '2020-06-29 07:57:17', '2020-06-29 07:57:17'),
(80, 27, 'طاولة كمبيوتر صغيرة', 'piece', '1.00', '220.00', '220.00', '2020-06-29 07:57:17', '2020-06-29 07:57:17'),
(81, 27, 'كمبيوتر محمول', 'piece', '1.00', '4500.00', '4500.00', '2020-06-29 07:57:17', '2020-06-29 07:57:17'),
(82, 28, 'طاولة كمبيوتر كبيرة', 'piece', '2.00', '560.00', '1120.00', '2020-06-29 07:57:17', '2020-06-29 07:57:17'),
(83, 28, 'طاولة كمبيوتر صغيرة', 'piece', '1.00', '220.00', '220.00', '2020-06-29 07:57:17', '2020-06-29 07:57:17'),
(84, 28, 'كمبيوتر محمول', 'piece', '1.00', '4500.00', '4500.00', '2020-06-29 07:57:17', '2020-06-29 07:57:17'),
(85, 29, 'طاولة كمبيوتر كبيرة', 'piece', '2.00', '560.00', '1120.00', '2020-06-29 07:57:17', '2020-06-29 07:57:17'),
(86, 29, 'طاولة كمبيوتر صغيرة', 'piece', '1.00', '220.00', '220.00', '2020-06-29 07:57:17', '2020-06-29 07:57:17'),
(87, 29, 'كمبيوتر محمول', 'piece', '1.00', '4500.00', '4500.00', '2020-06-29 07:57:17', '2020-06-29 07:57:17'),
(88, 30, 'طاولة كمبيوتر كبيرة', 'piece', '2.00', '560.00', '1120.00', '2020-06-29 07:57:17', '2020-06-29 07:57:17'),
(89, 30, 'طاولة كمبيوتر صغيرة', 'piece', '1.00', '220.00', '220.00', '2020-06-29 07:57:17', '2020-06-29 07:57:17'),
(90, 30, 'كمبيوتر محمول', 'piece', '1.00', '4500.00', '4500.00', '2020-06-29 07:57:17', '2020-06-29 07:57:17');

-- --------------------------------------------------------

--
-- Table structure for table `migrations`
--

CREATE TABLE `migrations` (
  `id` int(10) UNSIGNED NOT NULL,
  `migration` varchar(255) COLLATE utf8mb4_unicode_ci NOT NULL,
  `batch` int(11) NOT NULL
) ENGINE=InnoDB DEFAULT CHARSET=utf8mb4 COLLATE=utf8mb4_unicode_ci;

--
-- Dumping data for table `migrations`
--

INSERT INTO `migrations` (`id`, `migration`, `batch`) VALUES
(1, '2014_10_12_000000_create_users_table', 1),
(2, '2014_10_12_100000_create_password_resets_table', 1),
(3, '2019_08_19_000000_create_failed_jobs_table', 1),
(4, '2020_06_29_090149_create_invoices_table', 1),
(5, '2020_06_29_090505_create_invoice_details_table', 1);

-- --------------------------------------------------------

--
-- Table structure for table `password_resets`
--

CREATE TABLE `password_resets` (
  `email` varchar(255) COLLATE utf8mb4_unicode_ci NOT NULL,
  `token` varchar(255) COLLATE utf8mb4_unicode_ci NOT NULL,
  `created_at` timestamp NULL DEFAULT NULL
) ENGINE=InnoDB DEFAULT CHARSET=utf8mb4 COLLATE=utf8mb4_unicode_ci;

-- --------------------------------------------------------

--
-- Table structure for table `users`
--

CREATE TABLE `users` (
  `id` bigint(20) UNSIGNED NOT NULL,
  `name` varchar(255) COLLATE utf8mb4_unicode_ci NOT NULL,
  `email` varchar(255) COLLATE utf8mb4_unicode_ci NOT NULL,
  `email_verified_at` timestamp NULL DEFAULT NULL,
  `password` varchar(255) COLLATE utf8mb4_unicode_ci NOT NULL,
  `remember_token` varchar(100) COLLATE utf8mb4_unicode_ci DEFAULT NULL,
  `created_at` timestamp NULL DEFAULT NULL,
  `updated_at` timestamp NULL DEFAULT NULL
) ENGINE=InnoDB DEFAULT CHARSET=utf8mb4 COLLATE=utf8mb4_unicode_ci;

--
-- Dumping data for table `users`
--

INSERT INTO `users` (`id`, `name`, `email`, `email_verified_at`, `password`, `remember_token`, `created_at`, `updated_at`) VALUES
(1, 'admin', 'admin@admin.com', NULL, '$2y$10$vmk6a.z6kG4JXirz0yZadOD6GsloZHOxBBMJWsfOF0Y/iRNRUTHym', NULL, '2020-06-28 21:00:00', '2020-06-28 21:00:00');

--
-- Indexes for dumped tables
--

--
-- Indexes for table `failed_jobs`
--
ALTER TABLE `failed_jobs`
  ADD PRIMARY KEY (`id`);

--
-- Indexes for table `invoices`
--
ALTER TABLE `invoices`
  ADD PRIMARY KEY (`id`);

--
-- Indexes for table `invoice_details`
--
ALTER TABLE `invoice_details`
  ADD PRIMARY KEY (`id`),
  ADD KEY `invoice_details_invoice_id_foreign` (`invoice_id`);

--
-- Indexes for table `migrations`
--
ALTER TABLE `migrations`
  ADD PRIMARY KEY (`id`);

--
-- Indexes for table `password_resets`
--
ALTER TABLE `password_resets`
  ADD KEY `password_resets_email_index` (`email`);

--
-- Indexes for table `users`
--
ALTER TABLE `users`
  ADD PRIMARY KEY (`id`),
  ADD UNIQUE KEY `users_email_unique` (`email`);

--
-- AUTO_INCREMENT for dumped tables
--

--
-- AUTO_INCREMENT for table `failed_jobs`
--
ALTER TABLE `failed_jobs`
  MODIFY `id` bigint(20) UNSIGNED NOT NULL AUTO_INCREMENT;

--
-- AUTO_INCREMENT for table `invoices`
--
ALTER TABLE `invoices`
  MODIFY `id` bigint(20) UNSIGNED NOT NULL AUTO_INCREMENT, AUTO_INCREMENT=31;

--
-- AUTO_INCREMENT for table `invoice_details`
--
ALTER TABLE `invoice_details`
  MODIFY `id` bigint(20) UNSIGNED NOT NULL AUTO_INCREMENT, AUTO_INCREMENT=91;

--
-- AUTO_INCREMENT for table `migrations`
--
ALTER TABLE `migrations`
  MODIFY `id` int(10) UNSIGNED NOT NULL AUTO_INCREMENT, AUTO_INCREMENT=6;

--
-- AUTO_INCREMENT for table `users`
--
ALTER TABLE `users`
  MODIFY `id` bigint(20) UNSIGNED NOT NULL AUTO_INCREMENT, AUTO_INCREMENT=2;

--
-- Constraints for dumped tables
--

--
-- Constraints for table `invoice_details`
--
ALTER TABLE `invoice_details`
  ADD CONSTRAINT `invoice_details_invoice_id_foreign` FOREIGN KEY (`invoice_id`) REFERENCES `invoices` (`id`) ON DELETE CASCADE;
COMMIT;

/*!40101 SET CHARACTER_SET_CLIENT=@OLD_CHARACTER_SET_CLIENT */;
/*!40101 SET CHARACTER_SET_RESULTS=@OLD_CHARACTER_SET_RESULTS */;
/*!40101 SET COLLATION_CONNECTION=@OLD_COLLATION_CONNECTION */;
